Date,Course,Hole,Shot,Distance,Club,Lie,Distance Lie,Exp,Strokes,Distance Label,Direction_Result,Distance_Result,Penalty,Par,Updated Distance,Updated Distance Cat,Relative to Par
"July 10, 2021",Glendale,1,1,540,D,T,540T,4.65,-0.77,250 +,pretty left,good,1,5,540,250 +,-4
"July 10, 2021",Glendale,1,2,P,,,P,4.42,0,,,,0,5,,,-3
"July 10, 2021",Glendale,1,3,200,7,R,200R,3.42,-0.36,176-200,pretty left,slightly long,0,5,202,176-200,-2
"July 10, 2021",Glendale,1,4,30,60,R,30R,2.78,-0.01,26-50,slight right,slightly short,0,5,38,26-50,-1
"July 10, 2021",Glendale,1,5,15,P,G,15G,1.79,0.79,G 10-15,good,good,0,5,15,G 10-15,0
"July 10, 2021",Glendale,2,1,400,D,T,400T,3.99,0.29,250 +,slight left,good,0,4,407,250 +,-3
"July 10, 2021",Glendale,2,2,55,60,F,55F,2.7,-0.23,51-75,good,slightly short,0,4,56,51-75,-2
"July 10, 2021",Glendale,2,3,25,P,G,25G,1.934,-0.12,G 21-25,good,slightly short,0,4,25,G 21-25,-1
"July 10, 2021",Glendale,2,4,3,P,G,3G,1.053,0.05,G 0-3,good,good,0,4,3,G 0-3,0
"July 10, 2021",Glendale,3,1,360,4,T,360T,3.92,0.12,250 +,good,good,0,4,363,250 +,-3
"July 10, 2021",Glendale,3,2,100,55,F,100F,2.8,-0.79,76-100,good,pretty long,0,4,99,76-100,-2
"July 10, 2021",Glendale,3,3,15,60,R,15R,2.59,0.23,0-25,good,good,0,4,11,0-25,-1
"July 10, 2021",Glendale,3,4,6,P,G,6G,1.357,0.36,G 4-6,good,good,0,4,6,G 4-6,0
"July 10, 2021",Glendale,4,1,140,9,T,140T,2.97,-0.62,126-150,way right,good,0,3,133,126-150,-2
"July 10, 2021",Glendale,4,2,25,60,R,25R,2.59,0.08,0-25,slight right,good,0,3,24,0-25,-1
"July 10, 2021",Glendale,4,3,8,P,G,8G,1.515,-0.49,G 7-9,slight right,good,0,3,8,G 7-9,0
"July 10, 2021",Glendale,4,4,1,P,G,1G,1.001,0,G 0-3,good,good,0,3,1,G 0-3,1
"July 10, 2021",Glendale,5,1,400,D,T,400T,3.99,-0.16,250 +,way left,slightly short,0,4,394,250 +,-3
"July 10, 2021",Glendale,5,2,130,50,R,130R,3.15,-0.44,126-150,good,pretty long,0,4,136,126-150,-2
"July 10, 2021",Glendale,5,3,20,60,R,20R,2.59,-0.04,0-25,good,slightly short,0,4,12,0-25,-1
"July 10, 2021",Glendale,5,4,10,P,G,10G,1.626,-0.38,G 10-15,slight left,good,0,4,10,G 10-15,0
"July 10, 2021",Glendale,5,5,1,P,G,1G,1.001,0,G 0-3,good,good,0,4,1,G 0-3,1
"July 10, 2021",Glendale,6,1,430,D,T,430T,4.08,-0.23,250 +,pretty right,pretty short,0,4,423,250 +,-3
"July 10, 2021",Glendale,6,2,170,8,R,170R,3.31,-0.47,151-175,pretty right,good,0,4,165,151-175,-2
"July 10, 2021",Glendale,6,3,35,60,R,35R,2.78,-0.01,26-50,good,slightly short,0,4,41,26-50,-1
"July 10, 2021",Glendale,6,4,15,P,G,15G,1.79,0.79,G 10-15,good,good,0,4,15,G 10-15,0
"July 10, 2021",Glendale,7,1,410,D,T,410T,4.02,-0.78,250 +,slight right,good,0,4,411,250 +,-3
"July 10, 2021",Glendale,7,2,100,6,X,100X,3.8,0.75,76-100,good,slightly long,0,4,92,76-100,-2
"July 10, 2021",Glendale,7,3,40,P,G,40G,2.055,-0.46,G 36-45,good,slightly short,0,4,40,G 36-45,-1
"July 10, 2021",Glendale,7,4,8,P,G,8G,1.515,-0.49,G 7-9,slight right,good,0,4,8,G 7-9,0
"July 10, 2021",Glendale,7,5,1,P,G,1G,1.001,0,G 0-3,good,good,0,4,1,G 0-3,1
"July 10, 2021",Glendale,8,1,174,9,T,174T,3.05,0.03,151-175,slight left,slightly short,0,3,177,151-175,-2
"July 10, 2021",Glendale,8,2,35,P,G,35G,2.016,-0.04,G 26-35,slight right,good,0,3,35,G 26-35,-1
"July 10, 2021",Glendale,8,3,3,P,G,3G,1.053,0.05,G 0-3,good,good,0,3,3,G 0-3,0
"July 10, 2021",Glendale,9,1,540,D,T,540T,4.65,0.12,250 +,good,good,0,5,534,250 +,-4
"July 10, 2021",Glendale,9,2,215,6,R,215R,3.53,-0.06,201-225,slight left,slightly long,0,5,216,201-225,-3
"July 10, 2021",Glendale,9,3,25,60,R,25R,2.59,-0.29,0-25,slight right,slightly long,0,5,29,0-25,-2
"July 10, 2021",Glendale,9,4,20,P,G,20G,1.878,-0.12,G 16-20,good,slightly long,0,5,20,G 16-20,-1
"July 10, 2021",Glendale,9,5,1,P,G,1G,1.001,0,G 0-3,good,good,0,5,1,G 0-3,0
"July 11, 2021",Canyons,1,1,360,4,T,360T,3.92,-0.06,250 +,good,slightly short,0,4,359,250 +,-3
"July 11, 2021",Canyons,1,2,160,9,F,160F,2.98,0.35,151-175,good,good,0,4,154,151-175,-2
"July 11, 2021",Canyons,1,3,10,P,G,10G,1.626,0.63,G 10-15,good,good,0,4,10,G 10-15,-1
"July 11, 2021",Canyons,2,1,130,50,T,130T,2.97,0.04,126-150,slight right,good,0,3,136,126-150,-2
"July 11, 2021",Canyons,2,2,25,P,G,25G,1.934,-0.32,G 21-25,slight left,slightly short,0,3,25,G 21-25,-1
"July 11, 2021",Canyons,2,3,5,P,G,5G,1.256,-0.75,G 4-6,slight left,good,0,3,5,G 4-6,0
"July 11, 2021",Canyons,2,4,2,P,G,2G,1.009,0.01,G 0-3,good,good,0,3,2,G 0-3,1
"July 11, 2021",Canyons,3,1,470,2,T,470T,4.28,0.48,250 +,good,good,0,5,469,250 +,-4
"July 11, 2021",Canyons,3,2,105,56,F,105F,2.8,-0.79,101-125,good,slightly long,0,5,112,101-125,-3
"July 11, 2021",Canyons,3,3,10,60,R,10R,2.59,-0.04,0-25,slight left,good,0,5,16,0-25,-2
"July 11, 2021",Canyons,3,4,10,P,G,10G,1.626,0.63,G 10-15,good,good,0,5,10,G 10-15,-1
"July 11, 2021",Canyons,4,1,350,4,F,350F,3.95,0.2,250 +,good,good,0,4,356,250 +,-3
"July 11, 2021",Canyons,4,2,75,60,F,75F,2.75,-0.04,51-75,good,slightly long,0,4,68,51-75,-2
"July 11, 2021",Canyons,4,3,15,P,G,15G,1.79,-0.21,G 10-15,slight left,slightly short,0,4,15,G 10-15,-1
"July 11, 2021",Canyons,4,4,1,P,G,1G,1.001,0,G 0-3,good,good,0,4,1,G 0-3,0
"July 11, 2021",Canyons,5,1,350,5,T,350T,3.92,-0.1,250 +,pretty left,good,0,4,342,250 +,-3
"July 11, 2021",Canyons,5,2,90,56,R,90R,3.02,-0.57,76-100,slight right,slightly long,0,4,87,76-100,-2
"July 11, 2021",Canyons,5,3,15,50,R,15R,2.59,-0.04,0-25,good,slightly short,0,4,17,0-25,-1
"July 11, 2021",Canyons,5,4,10,P,G,10G,1.626,-0.38,G 10-15,slight right,good,0,4,10,G 10-15,0
"July 11, 2021",Canyons,5,5,2,P,G,2G,1.009,0.01,G 0-3,good,good,0,4,2,G 0-3,1
"July 11, 2021",Canyons,6,1,145,PW,T,145T,2.97,-0.01,126-150,good,slightly short,0,3,149,126-150,-2
"July 11, 2021",Canyons,6,2,30,P,G,30G,1.978,-0.38,G 26-35,good,slightly short,0,3,30,G 26-35,-1
"July 11, 2021",Canyons,6,3,6,P,G,6G,1.357,-0.65,G 4-6,slight right,slightly short,0,3,6,G 4-6,0
"July 11, 2021",Canyons,6,4,2,P,G,2G,1.009,0.01,G 0-3,good,good,0,3,2,G 0-3,1
"July 11, 2021",Canyons,7,1,570,D,T,570T,4.79,-0.63,250 +,way left,good,1,5,576,250 +,-4
"July 11, 2021",Canyons,7,2,P,,,P,4.42,0,,,,0,5,,,-3
"July 11, 2021",Canyons,7,3,205,7,R,205R,3.42,0.54,201-225,good,good,0,5,208,201-225,-2
"July 11, 2021",Canyons,7,4,20,P,G,20G,1.878,-0.48,G 16-20,slight left,slightly short,0,5,20,G 16-20,-1
"July 11, 2021",Canyons,7,5,6,P,G,6G,1.357,-0.65,G 4-6,slight left,slightly long,0,5,6,G 4-6,0
"July 11, 2021",Canyons,7,6,2,P,G,2G,1.009,0.01,G 0-3,good,good,0,5,2,G 0-3,1
"July 11, 2021",Canyons,8,1,145,PW,T,145T,2.97,0.04,126-150,slight left,good,0,3,145,126-150,-2
"July 11, 2021",Canyons,8,2,25,P,G,25G,1.934,-0.58,G 21-25,good,slightly long,0,3,25,G 21-25,-1
"July 11, 2021",Canyons,8,3,8,P,G,8G,1.515,-0.49,G 7-9,slight right,slightly long,0,3,8,G 7-9,0
"July 11, 2021",Canyons,8,4,1,P,G,1G,1.001,0,G 0-3,good,good,0,3,1,G 0-3,1
"July 11, 2021",Canyons,9,1,320,2,T,320T,3.79,0.09,250 +,good,good,0,4,324,250 +,-3
"July 11, 2021",Canyons,9,2,50,60,F,50F,2.7,-0.09,26-50,good,slightly short,0,4,52,26-50,-2
"July 11, 2021",Canyons,9,3,15,P,G,15G,1.79,-0.22,G 10-15,good,slightly long,0,4,15,G 10-15,-1
"July 11, 2021",Canyons,9,4,2,P,G,2G,1.009,0.01,G 0-3,good,good,0,4,2,G 0-3,0
"July 16, 2021",Bonneville,1,1,450,D,T,450T,4.17,0.26,250 +,slight right,good,0,5,450,250 +,-4
"July 16, 2021",Bonneville,1,2,130,50,WF,130WF,2.91,-0.68,126-150,good,pretty short,0,5,131,126-150,-3
"July 16, 2021",Bonneville,1,3,20,60,R,20R,2.59,-0.2,0-25,slight left,slightly long,0,5,13,0-25,-2
"July 16, 2021",Bonneville,1,4,15,P,G,15G,1.79,0.79,G 10-15,good,slightly long,0,5,15,G 10-15,-1
"July 16, 2021",Bonneville,2,1,380,4,T,380T,3.96,-1.27,250 +,way left,good,1,4,376,250 +,-3
"July 16, 2021",Bonneville,2,2,P,,,P,4.23,0,,,,0,4,,,-2
"July 16, 2021",Bonneville,2,3,150,PW,R,150R,3.23,-0.17,126-150,good,pretty short,0,4,147,126-150,-1
"July 16, 2021",Bonneville,2,4,20,50,F,20F,2.4,-0.12,0-25,good,slightly long,0,4,17,0-25,0
"July 16, 2021",Bonneville,2,5,8,P,G,8G,1.515,-0.49,G 7-9,slight right,slightly long,0,4,8,G 7-9,1
"July 16, 2021",Bonneville,2,6,1,P,G,1G,1.001,0,G 0-3,good,good,0,4,1,G 0-3,2
"July 16, 2021",Bonneville,3,1,370,D,T,370T,3.96,0.36,250 +,good,good,0,4,373,250 +,-3
"July 16, 2021",Bonneville,3,2,40,60,F,40F,2.6,-0.03,26-50,good,slightly short,0,4,33,26-50,-2
"July 16, 2021",Bonneville,3,3,10,P,G,10G,1.626,-0.38,G 10-15,good,slightly long,0,4,10,G 10-15,-1
"July 16, 2021",Bonneville,3,4,2,P,G,2G,1.009,0.01,G 0-3,good,good,0,4,2,G 0-3,0
"July 16, 2021",Bonneville,4,1,430,D,T,430T,4.08,0.12,250 +,slight left,good,0,4,434,250 +,-3
"July 16, 2021",Bonneville,4,2,85,60,R,85R,2.96,-0.63,76-100,good,pretty long,0,4,80,76-100,-2
"July 16, 2021",Bonneville,4,3,15,60,R,15R,2.59,-0.81,0-25,good,way long,0,4,12,0-25,-1
"July 16, 2021",Bonneville,4,4,20,60,F,20F,2.4,0.04,0-25,slight left,good,0,4,20,0-25,0
"July 16, 2021",Bonneville,4,5,6,P,G,6G,1.357,0.36,G 4-6,good,good,0,4,6,G 4-6,1
"July 16, 2021",Bonneville,5,1,510,2,T,510T,4.54,-0.1,250 +,slight right,good,0,5,508,250 +,-4
"July 16, 2021",Bonneville,5,2,230,8,R,230R,3.64,-0.27,226-250,good,good,0,5,232,226-250,-3
"July 16, 2021",Bonneville,5,3,50,60,R,50R,2.91,-0.02,26-50,slight right,slightly short,0,5,47,26-50,-2
"July 16, 2021",Bonneville,5,4,25,P,G,25G,1.934,-0.08,G 21-25,slight left,good,0,5,25,G 21-25,-1
"July 16, 2021",Bonneville,5,5,2,P,G,2G,1.009,0.01,G 0-3,good,good,0,5,2,G 0-3,0
"July 16, 2021",Bonneville,6,1,160,9,T,160T,2.99,0.06,151-175,good,slightly short,0,3,161,151-175,-2
"July 16, 2021",Bonneville,6,2,25,P,G,25G,1.934,-0.32,G 21-25,good,slightly long,0,3,25,G 21-25,-1
"July 16, 2021",Bonneville,6,3,5,P,G,5G,1.256,0.26,G 4-6,good,good,0,3,5,G 4-6,0
"July 16, 2021",Bonneville,7,1,330,2,T,330T,3.86,0.16,250 +,good,good,0,4,322,250 +,-3
"July 16, 2021",Bonneville,7,2,65,60,F,65F,2.7,-0.7,51-75,good,pretty short,0,4,58,51-75,-2
"July 16, 2021",Bonneville,7,3,10,60,F,10F,2.4,0.39,0-25,good,good,0,4,10,0-25,-1
"July 16, 2021",Bonneville,7,4,2,P,G,2G,1.009,0.01,G 0-3,good,good,0,4,2,G 0-3,0
"July 16, 2021",Bonneville,8,1,350,D,T,350T,3.92,0.33,250 +,good,good,0,4,350,250 +,-3
"July 16, 2021",Bonneville,8,2,15,60,R,15R,2.59,-0.2,0-25,good,slightly short,0,4,15,0-25,-2
"July 16, 2021",Bonneville,8,3,15,P,G,15G,1.79,-0.47,G 10-15,good,slightly long,0,4,15,G 10-15,-1
"July 16, 2021",Bonneville,8,4,5,P,G,5G,1.256,0.26,G 4-6,good,good,0,4,5,G 4-6,0
"July 16, 2021",Bonneville,9,1,180,8,T,180T,3.05,0.26,176-200,slight right,good,0,3,176,176-200,-2
"July 16, 2021",Bonneville,9,2,15,P,G,15G,1.79,-0.22,G 10-15,good,good,0,3,15,G 10-15,-1
"July 16, 2021",Bonneville,9,3,2,P,G,2G,1.009,0.01,G 0-3,good,good,0,3,2,G 0-3,0
"July 16, 2021",Bonneville,10,1,370,D,T,370T,3.96,0.21,250 +,slight right,good,0,4,373,250 +,-3
"July 16, 2021",Bonneville,10,2,85,60,F,85F,2.75,0.12,76-100,good,slightly long,0,4,81,76-100,-2
"July 16, 2021",Bonneville,10,3,10,P,G,10G,1.626,-0.43,G 10-15,good,slightly long,0,4,10,G 10-15,-1
"July 16, 2021",Bonneville,10,4,3,P,G,3G,1.053,0.05,G 0-3,good,good,0,4,3,G 0-3,0
"July 16, 2021",Bonneville,11,1,330,4,T,330T,3.86,0.11,250 +,good,good,0,4,338,250 +,-3
"July 16, 2021",Bonneville,11,2,80,60,F,80F,2.75,-0.13,76-100,slight left,slightly long,0,4,79,76-100,-2
"July 16, 2021",Bonneville,11,3,20,P,G,20G,1.878,-0.13,G 16-20,slight left,slightly long,0,4,20,G 16-20,-1
"July 16, 2021",Bonneville,11,4,2,P,G,2G,1.009,0.01,G 0-3,good,good,0,4,2,G 0-3,0
"July 16, 2021",Bonneville,12,1,520,D,T,520T,4.54,0.23,250 +,slight left,good,0,5,515,250 +,-4
"July 16, 2021",Bonneville,12,2,180,8,R,180R,3.31,0.38,176-200,slight left,slightly short,0,5,186,176-200,-3
"July 16, 2021",Bonneville,12,3,25,P,G,25G,1.934,-0.08,G 21-25,good,slightly short,0,5,25,G 21-25,-2
"July 16, 2021",Bonneville,12,4,2,P,G,2G,1.009,0,G 0-3,good,good,0,5,2,G 0-3,-1
"July 16, 2021",Bonneville,16,1,520,D,T,520T,4.54,0.56,250 +,good,good,0,5,528,250 +,-4
"July 16, 2021",Bonneville,16,2,150,PW,F,150F,2.98,0.1,126-150,slight left,good,0,5,156,126-150,-3
"July 16, 2021",Bonneville,16,3,20,P,G,20G,1.878,-0.13,G 16-20,good,slightly short,0,5,20,G 16-20,-2
"July 16, 2021",Bonneville,16,4,2,P,G,2G,1.009,0.01,G 0-3,good,good,0,5,2,G 0-3,-1
"July 16, 2021",Bonneville,17,1,140,PW,T,140T,2.97,0.34,126-150,good,slightly long,0,3,148,126-150,-2
"July 16, 2021",Bonneville,17,2,10,P,G,10G,1.626,-0.38,G 10-15,slight right,good,0,3,10,G 10-15,-1
"July 16, 2021",Bonneville,17,3,1,P,G,1G,1.001,0,G 0-3,good,good,0,3,1,G 0-3,0
"July 16, 2021",Bonneville,18,1,370,4,T,370T,3.96,-0.12,250 +,good,good,0,4,377,250 +,-3
"July 16, 2021",Bonneville,18,2,180,8,F,180F,3.08,0.15,176-200,slight right,good,0,4,172,176-200,-2
"July 16, 2021",Bonneville,18,3,25,P,G,25G,1.934,-0.07,G 21-25,slight right,good,0,4,25,G 21-25,-1
"July 16, 2021",Bonneville,18,4,1,P,G,1G,1.001,0,G 0-3,good,good,0,4,1,G 0-3,0
"July 17, 2021",Mtn Dell,1,1,520,D,T,520T,4.54,0.39,250 +,slight left,good,0,5,514,250 +,-4
"July 17, 2021",Mtn Dell,1,2,145,PW,R,145R,3.15,0.27,126-150,slight right,good,0,5,144,126-150,-3
"July 17, 2021",Mtn Dell,1,3,20,P,G,20G,1.878,0.88,G 16-20,good,good,0,5,20,G 16-20,-2
"July 17, 2021",Mtn Dell,2,1,380,4,T,380T,3.96,-0.02,250 +,good,good,0,4,387,250 +,-3
"July 17, 2021",Mtn Dell,2,2,165,9,F,165F,2.98,0.1,151-175,slight left,good,0,4,173,151-175,-2
"July 17, 2021",Mtn Dell,2,3,20,P,G,20G,1.878,-0.27,G 16-20,good,slightly long,0,4,20,G 16-20,-1
"July 17, 2021",Mtn Dell,2,4,4,P,G,4G,1.147,0.15,G 4-6,good,good,0,4,4,G 4-6,0
"July 17, 2021",Mtn Dell,3,1,150,PW,R,150R,3.23,0.25,126-150,slight right,slightly short,0,3,155,126-150,-2
"July 17, 2021",Mtn Dell,3,2,30,P,G,30G,1.978,-0.54,G 26-35,good,slightly short,0,3,30,G 26-35,-1
"July 17, 2021",Mtn Dell,3,3,8,P,G,8G,1.515,-0.49,G 7-9,slight left,good,0,3,8,G 7-9,0
"July 17, 2021",Mtn Dell,3,4,1,P,G,1G,1.001,0,G 0-3,good,good,0,3,1,G 0-3,1
"July 17, 2021",Mtn Dell,4,1,370,D,T,370T,3.96,0.05,250 +,pretty right,good,0,4,365,250 +,-3
"July 17, 2021",Mtn Dell,4,2,60,60,R,60R,2.91,0.12,51-75,good,slightly long,0,4,57,51-75,-2
"July 17, 2021",Mtn Dell,4,3,15,P,G,15G,1.79,-0.22,G 10-15,good,slightly long,0,4,15,G 10-15,-1
"July 17, 2021",Mtn Dell,4,4,2,P,G,2G,1.009,0.01,G 0-3,good,good,0,4,2,G 0-3,0
"July 17, 2021",Mtn Dell,5,1,550,2,T,550T,4.74,0.1,250 +,slight right,good,0,5,555,250 +,-4
"July 17, 2021",Mtn Dell,5,2,240,8,R,240R,3.64,-0.27,226-250,good,slightly short,0,5,239,226-250,-3
"July 17, 2021",Mtn Dell,5,3,50,60,R,50R,2.91,-0.02,26-50,good,pretty short,0,5,55,26-50,-2
"July 17, 2021",Mtn Dell,5,4,25,P,G,25G,1.934,-0.08,G 21-25,slight right,good,0,5,25,G 21-25,-1
"July 17, 2021",Mtn Dell,5,5,2,P,G,2G,1.009,0.01,G 0-3,good,good,0,5,2,G 0-3,0
"July 17, 2021",Mtn Dell,6,1,430,D,T,430T,4.08,0.33,250 +,good,good,0,4,432,250 +,-3
"July 17, 2021",Mtn Dell,6,2,85,60,F,85F,2.75,-0.04,76-100,slight left,good,0,4,89,76-100,-2
"July 17, 2021",Mtn Dell,6,3,15,P,G,15G,1.79,-0.22,G 10-15,slight left,good,0,4,15,G 10-15,-1
"July 17, 2021",Mtn Dell,6,4,2,P,G,2G,1.009,0.01,G 0-3,good,good,0,4,2,G 0-3,0
"July 17, 2021",Mtn Dell,7,1,380,D,T,380T,3.96,0,250 +,pretty right,good,0,4,378,250 +,-3
"July 17, 2021",Mtn Dell,7,2,75,60,R,75R,2.96,0.08,51-75,good,slightly long,0,4,73,51-75,-2
"July 17, 2021",Mtn Dell,7,3,20,P,G,20G,1.878,-0.13,G 16-20,slight left,good,0,4,20,G 16-20,-1
"July 17, 2021",Mtn Dell,7,4,2,P,G,2G,1.009,0.01,G 0-3,good,good,0,4,2,G 0-3,0
"July 17, 2021",Mtn Dell,8,1,135,50,T,135T,2.97,0.04,126-150,good,slightly short,0,3,127,126-150,-2
"July 17, 2021",Mtn Dell,8,2,25,P,G,25G,1.934,-0.42,G 21-25,slight right,good,0,3,25,G 21-25,-1
"July 17, 2021",Mtn Dell,8,3,6,P,G,6G,1.357,0.36,G 4-6,good,good,0,3,6,G 4-6,0
"July 17, 2021",Mtn Dell,9,1,360,D,T,360T,3.92,-0.18,250 +,pretty right,good,0,4,357,250 +,-3
"July 17, 2021",Mtn Dell,9,2,45,60,X,45X,3.1,-1,26-50,good,pretty short,0,4,52,26-50,-2
"July 17, 2021",Mtn Dell,9,3,30,60,X,30X,3.1,-0.49,26-50,good,slightly short,0,4,34,26-50,-1
"July 17, 2021",Mtn Dell,9,4,15,60,R,15R,2.59,0.44,0-25,slight right,good,0,4,20,0-25,0
"July 17, 2021",Mtn Dell,9,5,4,P,G,4G,1.147,0.15,G 4-6,good,good,0,4,4,G 4-6,1
"July 23, 2021",Old Mill,1,1,440,D,T,440T,4.08,0.28,250 +,good,good,0,4,445,250 +,-3
"July 23, 2021",Old Mill,1,2,100,56,F,100F,2.8,-0.08,76-100,slight right,good,0,4,99,76-100,-2
"July 23, 2021",Old Mill,1,3,20,P,G,20G,1.878,-0.27,G 16-20,slight left,slightly long,0,4,20,G 16-20,-1
"July 23, 2021",Old Mill,1,4,4,P,G,4G,1.147,0.15,G 4-6,good,good,0,4,4,G 4-6,0
"July 23, 2021",Old Mill,2,1,330,2,T,330T,3.86,0.11,250 +,good,slightly short,0,4,338,250 +,-3
"July 23, 2021",Old Mill,2,2,75,60,F,75F,2.75,-1.05,51-75,good,pretty long,0,4,70,51-75,-2
"July 23, 2021",Old Mill,2,3,20,PW,X,20X,2.8,-0.13,0-25,good,slightly long,0,4,15,0-25,-1
"July 23, 2021",Old Mill,2,4,25,P,G,25G,1.934,-0.08,G 21-25,slight left,slightly long,0,4,25,G 21-25,0
"July 23, 2021",Old Mill,2,5,2,P,G,2G,1.009,0.01,G 0-3,good,good,0,4,2,G 0-3,1
"July 23, 2021",Old Mill,3,1,130,PW,T,130T,2.97,0.09,126-150,slight right,slightly long,0,3,129,126-150,-2
"July 23, 2021",Old Mill,3,2,20,P,G,20G,1.878,-0.38,G 16-20,slight left,slightly long,0,3,20,G 16-20,-1
"July 23, 2021",Old Mill,3,3,5,P,G,5G,1.256,0.26,G 4-6,good,good,0,3,5,G 4-6,0
"July 23, 2021",Old Mill,4,1,400,D,T,400T,3.99,0.03,250 +,slight left,good,0,4,400,250 +,-3
"July 23, 2021",Old Mill,4,2,70,60,R,70R,2.96,0.08,51-75,slight right,slightly long,0,4,70,51-75,-2
"July 23, 2021",Old Mill,4,3,20,P,G,20G,1.878,-0.27,G 16-20,slight left,slightly long,0,4,20,G 16-20,-1
"July 23, 2021",Old Mill,4,4,4,P,G,4G,1.147,0.15,G 4-6,good,good,0,4,4,G 4-6,0
"July 23, 2021",Old Mill,5,1,530,D,T,530T,4.65,0.23,250 +,slight left,good,0,5,531,250 +,-4
"July 23, 2021",Old Mill,5,2,190,7,R,190R,3.42,-0.17,176-200,slight left,slightly short,0,5,196,176-200,-3
"July 23, 2021",Old Mill,5,3,25,60,R,25R,2.59,-0.2,0-25,slight right,slightly short,0,5,26,0-25,-2
"July 23, 2021",Old Mill,5,4,15,P,G,15G,1.79,-0.22,G 10-15,slight left,good,0,5,15,G 10-15,-1
"July 23, 2021",Old Mill,5,5,2,P,G,2G,1.009,0.01,G 0-3,good,good,0,5,2,G 0-3,0
"July 23, 2021",Old Mill,6,1,400,D,T,400T,3.99,-0.03,250 +,way left,slightly short,0,4,397,250 +,-3
"July 23, 2021",Old Mill,6,2,100,55,R,100R,3.02,-0.38,76-100,good,slightly short,0,4,95,76-100,-2
"July 23, 2021",Old Mill,6,3,15,55,F,15F,2.4,0.04,0-25,slight right,slightly long,0,4,8,0-25,-1
"July 23, 2021",Old Mill,6,4,6,P,G,6G,1.357,0.36,G 4-6,good,good,0,4,6,G 4-6,0
"July 23, 2021",Old Mill,7,1,185,8,T,185T,3.05,-0.54,176-200,pretty left,good,0,3,191,176-200,-2
"July 23, 2021",Old Mill,7,2,20,60,R,20R,2.59,-0.04,0-25,good,slightly short,0,3,15,0-25,-1
"July 23, 2021",Old Mill,7,3,10,P,G,10G,1.626,0.63,G 10-15,good,good,0,3,10,G 10-15,0
"July 23, 2021",Old Mill,8,1,380,D,T,380T,3.96,0.14,250 +,slight left,good,0,4,380,250 +,-3
"July 23, 2021",Old Mill,8,2,35,50,S,35S,2.82,0.03,26-50,good,slightly long,0,4,32,26-50,-2
"July 23, 2021",Old Mill,8,3,15,P,G,15G,1.79,-0.22,G 10-15,slight left,slightly long,0,4,15,G 10-15,-1
"July 23, 2021",Old Mill,8,4,2,P,G,2G,1.009,0.01,G 0-3,good,good,0,4,2,G 0-3,0
"July 23, 2021",Old Mill,9,1,310,D,T,310T,3.79,-0.8,250 +,pretty left,good,1,4,312,250 +,-3
"July 23, 2021",Old Mill,9,2,P,,,P,3.59,0,,good,good,0,4,,,-2
"July 23, 2021",Old Mill,9,3,25,60,R,25R,2.59,-0.5,0-25,slight right,pretty long,0,4,33,0-25,-1
"July 23, 2021",Old Mill,9,4,45,P,G,45G,2.094,-0.05,G 36-45,slight left,good,0,4,45,G 36-45,0
"July 23, 2021",Old Mill,9,5,4,P,G,4G,1.147,0.15,G 4-6,good,good,0,4,4,G 4-6,1
"November 20, 2021",Blackjack,1,1,520,3w,T,520T,4.54,0.46,250 +,,,0,5,522,250 +,-4
"November 20, 2021",Blackjack,1,2,180,7,F,180F,3.08,-0.32,176-200,,,0,5,185,176-200,-3
"November 20, 2021",Blackjack,1,3,15,56,F,15F,2.4,0.043,0-25,,,0,5,20,0-25,-2
"November 20, 2021",Blackjack,1,4,6,P,G,6G,1.357,0.357,G 4-6,,,0,5,6,G 4-6,-1
"November 20, 2021",Blackjack,2,1,375,D,T,375T,3.96,0.21,250 +,,,0,4,375,250 +,-3
"November 20, 2021",Blackjack,2,2,75,62,F,75F,2.75,-0.65,51-75,,,0,4,74,51-75,-2
"November 20, 2021",Blackjack,2,3,10,P,F,10F,2.4,0.391,0-25,,,0,4,10,0-25,-1
"November 20, 2021",Blackjack,2,4,2,P,G,2G,1.009,0.009,G 0-3,,,0,4,2,G 0-3,0
"November 20, 2021",Blackjack,3,1,190,6,T,190T,3.12,-0.47,176-200,,,0,3,189,176-200,-2
"November 20, 2021",Blackjack,3,2,15,50,R,15R,2.59,-0.036,0-25,,,0,3,17,0-25,-1
"November 20, 2021",Blackjack,3,3,10,P,G,10G,1.626,-0.427,G 10-15,,,0,3,10,G 10-15,0
"November 20, 2021",Blackjack,3,4,3,P,G,3G,1.053,0.053,G 0-3,,,0,3,3,G 0-3,1
"November 20, 2021",Blackjack,4,1,400,2,T,400T,3.99,0.08,250 +,,,0,4,408,250 +,-3
"November 20, 2021",Blackjack,4,2,135,9,F,135F,2.91,0.284,126-150,,,0,4,139,126-150,-2
"November 20, 2021",Blackjack,4,3,10,P,G,10G,1.626,-0.375,G 10-15,,,0,4,10,G 10-15,-1
"November 20, 2021",Blackjack,4,4,1,P,G,1G,1.001,0.001,G 0-3,,,0,4,1,G 0-3,0
"November 20, 2021",Blackjack,5,1,420,D,T,420T,4.02,0.27,250 +,,,0,4,413,250 +,-3
"November 20, 2021",Blackjack,5,2,75,62,F,75F,2.75,-0.84,51-75,,,0,4,77,51-75,-2
"November 20, 2021",Blackjack,5,3,10,62,R,10R,2.59,0.537,0-25,,,0,4,10,0-25,-1
"November 20, 2021",Blackjack,5,4,3,P,G,3G,1.053,0.053,G 0-3,,,0,4,3,G 0-3,0
"November 20, 2021",Blackjack,6,1,550,D,T,550T,4.74,0.55,250 +,,,0,5,554,250 +,-4
"November 20, 2021",Blackjack,6,2,195,5,F,195F,3.19,-0.4,176-200,,,0,5,197,176-200,-3
"November 20, 2021",Blackjack,6,3,20,56,R,20R,2.59,0.075,0-25,,,0,5,15,0-25,-2
"November 20, 2021",Blackjack,6,4,8,P,G,8G,1.515,-0.486,G 7-9,,,0,5,8,G 7-9,-1
"November 20, 2021",Blackjack,6,5,1,P,G,1G,1.001,0.001,G 0-3,,,0,5,1,G 0-3,0
"November 20, 2021",Blackjack,7,1,150,8,T,150T,2.99,0.012,126-150,,,0,3,144,126-150,-2
"November 20, 2021",Blackjack,7,2,30,P,G,30G,1.978,-0.075,G 26-35,,,0,3,30,G 26-35,-1
"November 20, 2021",Blackjack,7,3,3,P,G,3G,1.053,0.053,G 0-3,,,0,3,3,G 0-3,0
"November 20, 2021",Blackjack,8,1,370,2,T,370T,3.96,-0.85,250 +,,,0,4,376,250 +,-3
"November 20, 2021",Blackjack,8,2,160,6,X,160X,3.81,0.21,151-175,,,0,4,168,151-175,-2
"November 20, 2021",Blackjack,8,3,40,56,F,40F,2.6,-0.026,26-50,,,0,4,41,26-50,-1
"November 20, 2021",Blackjack,8,4,10,P,G,10G,1.626,-0.731,G 10-15,,,0,4,10,G 10-15,0
"November 20, 2021",Blackjack,8,5,6,P,G,6G,1.357,-0.644,G 4-6,,,0,4,6,G 4-6,1
"November 20, 2021",Blackjack,8,6,1,P,G,1G,1.001,0.001,G 0-3,,,0,4,1,G 0-3,2
"November 20, 2021",Blackjack,9,1,380,D,T,380T,3.96,0.16,250 +,,,0,4,380,250 +,-3
"November 20, 2021",Blackjack,9,2,90,56,F,90F,2.8,-0.6,76-100,,,0,4,87,76-100,-2
"November 20, 2021",Blackjack,9,3,10,P,F,10F,2.4,0.391,0-25,,,0,4,10,0-25,-1
"November 20, 2021",Blackjack,9,4,2,P,G,2G,1.009,0.009,G 0-3,,,0,4,2,G 0-3,0
"November 20, 2021",Blackjack,10,1,550,D,T,550T,4.74,0,250 +,,,0,5,547,250 +,-4
"November 20, 2021",Blackjack,10,2,250,3W,R,250R,3.74,-0.04,226-250,,,0,5,254,226-250,-3
"November 20, 2021",Blackjack,10,3,35,56,R,35R,2.78,0.154,26-50,,,0,5,41,26-50,-2
"November 20, 2021",Blackjack,10,4,10,P,G,10G,1.626,-0.375,G 10-15,,,0,5,10,G 10-15,-1
"November 20, 2021",Blackjack,10,5,1,P,G,1G,1.001,0.001,G 0-3,,,0,5,1,G 0-3,0
"November 20, 2021",Blackjack,11,1,380,D,T,380T,3.96,0.26,250 +,,,0,4,376,250 +,-3
"November 20, 2021",Blackjack,11,2,55,62,F,55F,2.7,-0.005,51-75,,,0,4,62,51-75,-2
"November 20, 2021",Blackjack,11,3,12,P,G,12G,1.705,-0.296,G 10-15,,,0,4,12,G 10-15,-1
"November 20, 2021",Blackjack,11,4,1,P,G,1G,1.001,0.001,G 0-3,,,0,4,1,G 0-3,0
"November 20, 2021",Blackjack,12,1,370,2,T,370T,3.96,-0.84,250 +,,,0,4,376,250 +,-3
"November 20, 2021",Blackjack,12,2,130,PW,X,130X,3.8,-1.11,126-150,,,1,4,124,126-150,-2
"November 20, 2021",Blackjack,12,3,P,,,P,3.91,0,,,,0,4,,,-1
"November 20, 2021",Blackjack,12,4,130,PW,F,130F,2.91,-0.024,126-150,,,0,4,131,126-150,0
"November 20, 2021",Blackjack,12,5,25,P,G,25G,1.934,0.934,G 21-25,,,0,4,25,G 21-25,1
"November 20, 2021",Blackjack,13,1,155,8,T,155T,2.99,0.112,151-175,,,0,3,147,151-175,-2
"November 20, 2021",Blackjack,13,2,20,P,G,20G,1.878,-0.131,G 16-20,,,0,3,20,G 16-20,-1
"November 20, 2021",Blackjack,13,3,2,P,G,2G,1.009,0.009,G 0-3,,,0,3,2,G 0-3,0
"November 20, 2021",Blackjack,14,1,380,D,T,380T,3.96,0.21,250 +,,,0,4,379,250 +,-3
"November 20, 2021",Blackjack,14,2,75,62,F,75F,2.75,0.235,51-75,,,0,4,80,51-75,-2
"November 20, 2021",Blackjack,14,3,8,P,G,8G,1.515,-0.494,G 7-9,,,0,4,8,G 7-9,-1
"November 20, 2021",Blackjack,14,4,2,P,G,2G,1.009,0.009,G 0-3,,,0,4,2,G 0-3,0
"November 20, 2021",Blackjack,15,1,560,D,T,560T,4.74,0,250 +,,,0,5,567,250 +,-4
"November 20, 2021",Blackjack,15,2,260,3W,R,260R,3.74,-0.04,250 +,,,0,5,253,250 +,-3
"November 20, 2021",Blackjack,15,3,30,56,R,30R,2.78,-0.62,26-50,,,0,5,23,26-50,-2
"November 20, 2021",Blackjack,15,4,10,P,F,10F,2.4,0.391,0-25,,,0,5,10,0-25,-1
"November 20, 2021",Blackjack,15,5,2,P,G,2G,1.009,0.009,G 0-3,,,0,5,2,G 0-3,0
"November 20, 2021",Blackjack,16,1,365,2,T,365T,3.92,0.12,250 +,,,0,4,366,250 +,-3
"November 20, 2021",Blackjack,16,2,105,56,F,105F,2.8,0.01,101-125,,,0,4,106,101-125,-2
"November 20, 2021",Blackjack,16,3,15,P,G,15G,1.79,0.79,G 10-15,,,0,4,15,G 10-15,-1
"November 20, 2021",Blackjack,17,1,160,8,T,160T,2.99,-0.026,151-175,,,0,3,160,151-175,-2
"November 20, 2021",Blackjack,17,2,35,P,G,35G,2.016,-0.24,G 26-35,,,0,3,35,G 26-35,-1
"November 20, 2021",Blackjack,17,3,5,P,G,5G,1.256,0.256,G 4-6,,,0,3,5,G 4-6,0
"November 20, 2021",Blackjack,18,1,400,D,T,400T,3.99,-0.24,250 +,,,0,4,398,250 +,-3
"November 20, 2021",Blackjack,18,2,165,7,R,165R,3.23,-0.36,151-175,,,0,4,170,151-175,-2
"November 20, 2021",Blackjack,18,3,20,56,R,20R,2.59,0.443,0-25,,,0,4,14,0-25,-1
"November 20, 2021",Blackjack,18,4,4,P,G,4G,1.147,0.147,G 4-6,,,0,4,4,G 4-6,0
"January 28, 2022",Blackjack,1,1,560,D,T,560T,4.74,0.1,250 +,,,0,5,559,250 +,-4
"January 28, 2022",Blackjack,1,2,240,4,R,240R,3.64,0.05,226-250,,,0,5,240,226-250,-3
"January 28, 2022",Blackjack,1,3,20,56,R,20R,2.59,-0.2,0-25,,,0,5,17,0-25,-2
"January 28, 2022",Blackjack,1,4,15,P,G,15G,1.79,-0.263,G 10-15,,,0,5,15,G 10-15,-1
"January 28, 2022",Blackjack,1,5,3,P,G,3G,1.053,0.053,G 0-3,,,0,5,3,G 0-3,0
"January 28, 2022",Blackjack,2,1,370,D,T,370T,3.96,-0.12,250 +,,,0,4,368,250 +,-3
"January 28, 2022",Blackjack,2,2,110,8,R,110R,3.08,-0.51,101-125,,,0,4,112,101-125,-2
"January 28, 2022",Blackjack,2,3,15,56,R,15R,2.59,0.334,0-25,,,0,4,15,0-25,-1
"January 28, 2022",Blackjack,2,4,5,P,G,5G,1.256,0.256,G 4-6,,,0,4,5,G 4-6,0
"January 28, 2022",Blackjack,3,1,225,4,T,225T,3.17,-0.42,201-225,,,0,3,219,201-225,-2
"January 28, 2022",Blackjack,3,2,15,56,R,15R,2.59,-0.2,0-25,,,0,3,19,0-25,-1
"January 28, 2022",Blackjack,3,3,15,P,G,15G,1.79,-0.219,G 10-15,,,0,3,15,G 10-15,0
"January 28, 2022",Blackjack,3,4,2,P,G,2G,1.009,0.009,G 0-3,,,0,3,2,G 0-3,1
"January 28, 2022",Blackjack,4,1,410,2,T,410T,4.02,-0.13,250 +,,,0,4,418,250 +,-3
"January 28, 2022",Blackjack,4,2,130,50,R,130R,3.15,0.272,126-150,,,0,4,137,126-150,-2
"January 28, 2022",Blackjack,4,3,20,P,G,20G,1.878,-0.175,G 16-20,,,0,4,20,G 16-20,-1
"January 28, 2022",Blackjack,4,4,3,P,G,3G,1.053,0.053,G 0-3,,,0,4,3,G 0-3,0
"January 28, 2022",Blackjack,5,1,420,D,T,420T,4.02,0.32,250 +,,,0,4,419,250 +,-3
"January 28, 2022",Blackjack,5,2,65,62,F,65F,2.7,-0.178,51-75,,,0,4,58,51-75,-2
"January 28, 2022",Blackjack,5,3,20,P,G,20G,1.878,-0.378,G 16-20,,,0,4,20,G 16-20,-1
"January 28, 2022",Blackjack,5,4,5,P,G,5G,1.256,0.256,G 4-6,,,0,4,5,G 4-6,0
"January 28, 2022",Blackjack,6,1,560,D,T,560T,4.74,-0.09,250 +,,,0,5,552,250 +,-4
"January 28, 2022",Blackjack,6,2,280,7,R,280R,3.83,-0.08,250 +,,,0,5,280,250 +,-3
"January 28, 2022",Blackjack,6,3,130,PW,F,130F,2.91,-0.024,126-150,,,0,5,133,126-150,-2
"January 28, 2022",Blackjack,6,4,25,P,G,25G,1.934,-0.075,G 21-25,,,0,5,25,G 21-25,-1
"January 28, 2022",Blackjack,6,5,2,P,G,2G,1.009,0.009,G 0-3,,,0,5,2,G 0-3,0
"January 28, 2022",Blackjack,7,1,180,6,T,180T,3.05,-0.54,176-200,,,0,3,188,176-200,-2
"January 28, 2022",Blackjack,7,2,15,50,R,15R,2.59,0.589,0-25,,,0,3,16,0-25,-1
"January 28, 2022",Blackjack,7,3,1,P,G,1G,1.001,0.001,G 0-3,,,0,3,1,G 0-3,0
"January 28, 2022",Blackjack,8,1,420,2,T,420T,4.02,-0.06,250 +,,,0,4,428,250 +,-3
"January 28, 2022",Blackjack,8,2,185,5,F,185F,3.08,0.232,176-200,,,0,4,193,176-200,-2
"January 28, 2022",Blackjack,8,3,18,P,G,18G,1.848,-0.161,G 16-20,,,0,4,18,G 16-20,-1
"January 28, 2022",Blackjack,8,4,2,P,G,2G,1.009,0.009,G 0-3,,,0,4,2,G 0-3,0
"January 28, 2022",Blackjack,9,1,440,D,T,440T,4.08,0.17,250 +,,,0,4,444,250 +,-3
"January 28, 2022",Blackjack,9,2,145,9,F,145F,2.91,-0.068,126-150,,,0,4,150,126-150,-2
"January 28, 2022",Blackjack,9,3,30,P,G,30G,1.978,-0.812,G 26-35,,,0,4,30,G 26-35,-1
"January 28, 2022",Blackjack,9,4,15,P,G,15G,1.79,-0.219,G 10-15,,,0,4,15,G 10-15,0
"January 28, 2022",Blackjack,9,5,2,P,G,2G,1.009,0.009,G 0-3,,,0,4,2,G 0-3,1
"February 1, 2022",Blackjack,1,1,560,D,T,560T,4.74,0.55,250 +,,,0,5,566,250 +,-4
"February 1, 2022",Blackjack,1,2,190,6,F,190F,3.19,-0.59,176-200,,,0,5,189,176-200,-3
"February 1, 2022",Blackjack,1,3,40,56,R,40R,2.78,0.423,26-50,,,0,5,33,26-50,-2
"February 1, 2022",Blackjack,1,4,6,P,G,6G,1.357,0.357,G 4-6,,,0,5,6,G 4-6,-1
"February 1, 2022",Blackjack,2,1,370,D,T,370T,3.96,0.21,250 +,,,0,4,372,250 +,-3
"February 1, 2022",Blackjack,2,2,82,56,F,82F,2.75,-0.78,76-100,,,0,4,82,76-100,-2
"February 1, 2022",Blackjack,2,3,15,62,S,15S,2.53,-0.318,0-25,,,0,4,13,0-25,-1
"February 1, 2022",Blackjack,2,4,18,P,G,18G,1.848,-0.161,G 16-20,,,0,4,18,G 16-20,0
"February 1, 2022",Blackjack,2,5,2,P,G,2G,1.009,0.009,G 0-3,,,0,4,2,G 0-3,1
"February 1, 2022",Blackjack,3,1,235,4,T,235T,3.25,0.402,226-250,,,0,3,243,226-250,-2
"February 1, 2022",Blackjack,3,2,18,P,G,18G,1.848,-0.205,G 16-20,,,0,3,18,G 16-20,-1
"February 1, 2022",Blackjack,3,3,3,P,G,3G,1.053,0.053,G 0-3,,,0,3,3,G 0-3,0
"February 1, 2022",Blackjack,4,1,410,2,T,410T,4.02,0.04,250 +,,,0,4,412,250 +,-3
"February 1, 2022",Blackjack,4,2,155,9,F,155F,2.98,0.102,151-175,,,0,4,154,151-175,-2
"February 1, 2022",Blackjack,4,3,20,P,G,20G,1.878,-0.131,G 16-20,,,0,4,20,G 16-20,-1
"February 1, 2022",Blackjack,4,4,2,P,G,2G,1.009,0.009,G 0-3,,,0,4,2,G 0-3,0
"February 1, 2022",Blackjack,5,1,420,D,T,420T,4.02,-4.44E-16,250 +,,,0,4,422,250 +,-3
"February 1, 2022",Blackjack,5,2,102,56,R,102R,3.02,0.23,101-125,,,0,4,95,101-125,-2
"February 1, 2022",Blackjack,5,3,15,P,G,15G,1.79,-0.219,G 10-15,,,0,4,15,G 10-15,-1
"February 1, 2022",Blackjack,5,4,2,P,G,2G,1.009,0.009,G 0-3,,,0,4,2,G 0-3,0
"February 1, 2022",Blackjack,6,1,560,D,T,560T,4.74,0.16,250 +,,,0,5,557,250 +,-4
"February 1, 2022",Blackjack,6,2,255,3W,F,255F,3.58,-1.01,250 +,,,1,5,257,250 +,-3
"February 1, 2022",Blackjack,6,3,P,,,P,3.59,0,,,,0,5,,,-2
"February 1, 2022",Blackjack,6,4,25,56,R,25R,2.59,0.443,0-25,,,0,5,28,0-25,-1
"February 1, 2022",Blackjack,6,5,4,P,G,4G,1.147,0.147,G 4-6,,,0,5,4,G 4-6,0
"February 1, 2022",Blackjack,7,1,180,7,T,180T,3.05,-0.168,176-200,,,0,3,181,176-200,-2
"February 1, 2022",Blackjack,7,2,60,P,G,60G,2.218,-0.038,G 56-75,,,0,3,60,G 56-75,-1
"February 1, 2022",Blackjack,7,3,5,P,G,5G,1.256,0.256,G 4-6,,,0,3,5,G 4-6,0
"February 1, 2022",Blackjack,8,1,420,2,T,420T,4.02,-0.21,250 +,,,0,4,416,250 +,-3
"February 1, 2022",Blackjack,8,2,168,7,R,168R,3.23,-0.36,151-175,,,0,4,164,151-175,-2
"February 1, 2022",Blackjack,8,3,15,56,R,15R,2.59,-0.2,0-25,,,0,4,22,0-25,-1
"February 1, 2022",Blackjack,8,4,15,P,G,15G,1.79,-0.263,G 10-15,,,0,4,15,G 10-15,0
"February 1, 2022",Blackjack,8,5,3,P,G,3G,1.053,0.053,G 0-3,,,0,4,3,G 0-3,1
"February 1, 2022",Blackjack,9,1,440,D,T,440T,4.08,0.17,250 +,,,0,4,447,250 +,-3
"February 1, 2022",Blackjack,9,2,138,PW,F,138F,2.91,-0.68,126-150,,,0,4,142,126-150,-2
"February 1, 2022",Blackjack,9,3,15,56,R,15R,2.59,0.581,0-25,,,0,4,10,0-25,-1
"February 1, 2022",Blackjack,9,4,2,P,G,2G,1.009,0.009,G 0-3,,,0,4,2,G 0-3,0
"February 1, 2022",Blackjack,10,1,540,D,T,540T,4.65,-0.09,250 +,,,0,5,532,250 +,-4
"February 1, 2022",Blackjack,10,2,255,3W,R,255R,3.74,0.15,250 +,,,0,5,248,250 +,-3
"February 1, 2022",Blackjack,10,3,20,56,R,20R,2.59,0.075,0-25,,,0,5,23,0-25,-2
"February 1, 2022",Blackjack,10,4,8,P,G,8G,1.515,0.515,G 7-9,,,0,5,8,G 7-9,-1
"February 1, 2022",Blackjack,11,1,400,3W,T,400T,3.99,-0.16,250 +,,,0,4,404,250 +,-3
"February 1, 2022",Blackjack,11,2,140,PW,R,140R,3.15,0.216,126-150,,,0,4,148,126-150,-2
"February 1, 2022",Blackjack,11,3,25,P,G,25G,1.934,-0.067,G 21-25,,,0,4,25,G 21-25,-1
"February 1, 2022",Blackjack,11,4,1,P,G,1G,1.001,0.001,G 0-3,,,0,4,1,G 0-3,0
"February 1, 2022",Blackjack,12,1,370,2,T,370T,3.96,-0.19,250 +,,,0,4,369,250 +,-3
"February 1, 2022",Blackjack,12,2,145,9,R,145R,3.15,0.36,126-150,,,0,4,138,126-150,-2
"February 1, 2022",Blackjack,12,3,15,P,G,15G,1.79,-0.219,G 10-15,,,0,4,15,G 10-15,-1
"February 1, 2022",Blackjack,12,4,2,P,G,2G,1.009,0.009,G 0-3,,,0,4,2,G 0-3,0
"February 1, 2022",Blackjack,13,1,185,7,T,185T,3.05,-0.54,176-200,,,0,3,193,176-200,-2
"February 1, 2022",Blackjack,13,2,15,56,R,15R,2.59,-0.8,0-25,,,0,3,11,0-25,-1
"February 1, 2022",Blackjack,13,3,7,P,F,7F,2.39,0.337,0-25,,,0,3,7,0-25,0
"February 1, 2022",Blackjack,13,4,3,P,G,3G,1.053,0.053,G 0-3,,,0,3,3,G 0-3,1
"February 1, 2022",Blackjack,14,1,385,D,T,385T,3.96,0.16,250 +,,,0,4,387,250 +,-3
"February 1, 2022",Blackjack,14,2,93,56,F,93F,2.8,-0.011,76-100,,,0,4,85,76-100,-2
"February 1, 2022",Blackjack,14,3,16,P,G,16G,1.811,0.811,G 16-20,,,0,4,16,G 16-20,-1
"February 1, 2022",Blackjack,15,1,575,D,T,575T,4.79,0.1,250 +,,,0,5,569,250 +,-4
"February 1, 2022",Blackjack,15,2,270,2,F,270F,3.69,-0.09,250 +,,,0,5,274,250 +,-3
"February 1, 2022",Blackjack,15,3,45,56,R,45R,2.78,-0.81,26-50,,,0,5,42,26-50,-2
"February 1, 2022",Blackjack,15,4,15,56,R,15R,2.59,0.075,0-25,,,0,5,12,0-25,-1
"February 1, 2022",Blackjack,15,5,8,P,G,8G,1.515,-0.486,G 7-9,,,0,5,8,G 7-9,0
"February 1, 2022",Blackjack,15,6,1,P,G,1G,1.001,0.001,G 0-3,,,0,5,1,G 0-3,1
"February 1, 2022",Blackjack,16,1,380,3W,T,380T,3.96,0.05,250 +,,,0,4,382,250 +,-3
"February 1, 2022",Blackjack,16,2,140,PW,F,140F,2.91,-0.68,126-150,,,0,4,146,126-150,-2
"February 1, 2022",Blackjack,16,3,10,50,R,10R,2.59,-0.2,0-25,,,0,4,10,0-25,-1
"February 1, 2022",Blackjack,16,4,15,P,G,15G,1.79,0.79,G 10-15,,,0,4,15,G 10-15,0
"February 1, 2022",Blackjack,17,1,165,8,T,165T,2.99,-0.41,151-175,,,0,3,158,151-175,-2
"February 1, 2022",Blackjack,17,2,20,P,F,20F,2.4,0.253,0-25,,,0,3,20,0-25,-1
"February 1, 2022",Blackjack,17,3,4,P,G,4G,1.147,0.147,G 4-6,,,0,3,4,G 4-6,0
"February 1, 2022",Blackjack,18,1,420,D,T,420T,4.02,0.11,250 +,,,0,4,420,250 +,-3
"February 1, 2022",Blackjack,18,2,130,PW,F,130F,2.91,0.032,126-150,,,0,4,125,126-150,-2
"February 1, 2022",Blackjack,18,3,20,P,G,20G,1.878,-0.123,G 16-20,,,0,4,20,G 16-20,-1
"February 1, 2022",Blackjack,18,4,1,P,G,1G,1.001,0.001,G 0-3,,,0,4,1,G 0-3,0
"February 5, 2022",Hyatt,1,1,330,D,T,330T,3.86,0.08,250 +,,,0,4,328,250 +,-3
"February 5, 2022",Hyatt,1,2,30,50,R,30R,2.78,-0.81,26-50,,,0,4,28,26-50,-2
"February 5, 2022",Hyatt,1,3,15,56,R,15R,2.59,0.334,0-25,,,0,4,11,0-25,-1
"February 5, 2022",Hyatt,1,4,5,P,G,5G,1.256,-0.745,G 4-6,,,0,4,5,G 4-6,0
"February 5, 2022",Hyatt,1,5,1,P,G,1G,1.001,0.001,G 0-3,,,0,4,1,G 0-3,1
"February 5, 2022",Hyatt,2,1,135,PW,T,135T,2.97,0.036,126-150,,,0,3,137,126-150,-2
"February 5, 2022",Hyatt,2,2,25,P,G,25G,1.934,-0.213,G 21-25,,,0,3,25,G 21-25,-1
"February 5, 2022",Hyatt,2,3,4,P,G,4G,1.147,0.147,G 4-6,,,0,3,4,G 4-6,0
"February 5, 2022",Hyatt,3,1,440,D,T,440T,4.08,0.17,250 +,,,0,4,437,250 +,-3
"February 5, 2022",Hyatt,3,2,135,PW,F,135F,2.91,0.12,126-150,,,0,4,141,126-150,-2
"February 5, 2022",Hyatt,3,3,15,P,G,15G,1.79,0.79,G 10-15,,,0,4,15,G 10-15,-1
"February 5, 2022",Hyatt,4,1,165,8,T,165T,2.99,0.012,151-175,,,0,3,165,151-175,-2
"February 5, 2022",Hyatt,4,2,30,P,G,30G,1.978,-0.537,G 26-35,,,0,3,30,G 26-35,-1
"February 5, 2022",Hyatt,4,3,8,P,G,8G,1.515,-0.494,G 7-9,,,0,3,8,G 7-9,0
"February 5, 2022",Hyatt,4,4,2,P,G,2G,1.009,0.009,G 0-3,,,0,3,2,G 0-3,1
"February 5, 2022",Hyatt,5,1,340,4,T,340T,3.86,0.11,250 +,,,0,4,340,250 +,-3
"February 5, 2022",Hyatt,5,2,85,56,F,85F,2.75,-0.04,76-100,,,0,4,85,76-100,-2
"February 5, 2022",Hyatt,5,3,15,P,G,15G,1.79,-0.219,G 10-15,,,0,4,15,G 10-15,-1
"February 5, 2022",Hyatt,5,4,2,P,G,2G,1.009,0.009,G 0-3,,,0,4,2,G 0-3,0
"February 5, 2022",Hyatt,6,1,540,D,T,540T,4.65,-0.09,250 +,,,0,5,542,250 +,-4
"February 5, 2022",Hyatt,6,2,255,3W,R,255R,3.74,0.15,250 +,,,0,5,253,250 +,-3
"February 5, 2022",Hyatt,6,3,25,62,R,25R,2.59,-0.288,0-25,,,0,5,18,0-25,-2
"February 5, 2022",Hyatt,6,4,20,P,G,20G,1.878,-0.131,G 16-20,,,0,5,20,G 16-20,-1
"February 5, 2022",Hyatt,6,5,2,P,G,2G,1.009,0.009,G 0-3,,,0,5,2,G 0-3,0
"February 5, 2022",Hyatt,7,1,370,D,T,370T,3.96,0.26,250 +,,,0,4,362,250 +,-3
"February 5, 2022",Hyatt,7,2,55,56,F,55F,2.7,-0.7,51-75,,,0,4,60,51-75,-2
"February 5, 2022",Hyatt,7,3,10,56,F,10F,2.4,0.347,0-25,,,0,4,10,0-25,-1
"February 5, 2022",Hyatt,7,4,3,P,G,3G,1.053,0.053,G 0-3,,,0,4,3,G 0-3,0
"February 5, 2022",Hyatt,8,1,510,D,T,510T,4.54,-0.1,250 +,,,0,5,513,250 +,-4
"February 5, 2022",Hyatt,8,2,235,3W,R,235R,3.64,0.624,226-250,,,0,5,232,226-250,-3
"February 5, 2022",Hyatt,8,3,35,P,G,35G,2.016,-0.131,G 26-35,,,0,5,35,G 26-35,-2
"February 5, 2022",Hyatt,8,4,4,P,G,4G,1.147,0.147,G 4-6,,,0,5,4,G 4-6,-1
"February 5, 2022",Hyatt,9,1,380,D,T,380T,3.96,0.11,250 +,,,0,4,374,250 +,-3
"February 5, 2022",Hyatt,9,2,125,50,F,125F,2.85,-0.55,101-125,,,0,4,120,101-125,-2
"February 5, 2022",Hyatt,9,3,10,P,F,10F,2.4,0.391,0-25,,,0,4,10,0-25,-1
"February 5, 2022",Hyatt,9,4,2,P,G,2G,1.009,0.009,G 0-3,,,0,4,2,G 0-3,0
"February 5, 2022",Hyatt,10,1,360,D,T,360T,3.92,0.22,250 +,,,0,4,368,250 +,-3
"February 5, 2022",Hyatt,10,2,55,56,F,55F,2.7,-0.234,51-75,,,0,4,53,51-75,-2
"February 5, 2022",Hyatt,10,3,25,P,G,25G,1.934,-0.075,G 21-25,,,0,4,25,G 21-25,-1
"February 5, 2022",Hyatt,10,4,2,P,G,2G,1.009,0.009,G 0-3,,,0,4,2,G 0-3,0
"February 5, 2022",Hyatt,11,1,350,D,T,350T,3.92,-0.99,250 +,,,1,4,344,250 +,-3
"February 5, 2022",Hyatt,11,2,P,,,P,3.91,0,,,,0,4,,,-2
"February 5, 2022",Hyatt,11,3,55,56,R,55R,2.91,0.032,51-75,,,0,4,55,51-75,-1
"February 5, 2022",Hyatt,11,4,20,P,G,20G,1.878,-0.131,G 16-20,,,0,4,20,G 16-20,0
"February 5, 2022",Hyatt,11,5,2,P,G,2G,1.009,0.009,G 0-3,,,0,4,2,G 0-3,1
"February 5, 2022",Hyatt,12,1,180,5,T,180T,3.05,-0.35,176-200,,,0,3,182,176-200,-2
"February 5, 2022",Hyatt,12,2,25,56,F,25F,2.4,-0.226,0-25,,,0,3,22,0-25,-1
"February 5, 2022",Hyatt,12,3,10,P,G,10G,1.626,0.626,G 10-15,,,0,3,10,G 10-15,0
"February 5, 2022",Hyatt,13,1,530,D,T,530T,4.65,-0.67,250 +,,,1,5,533,250 +,-4
"February 5, 2022",Hyatt,13,2,P,,,P,4.32,4.44E-16,,,,0,5,,,-3
"February 5, 2022",Hyatt,13,3,220,4,F,220F,3.32,-0.27,201-225,,,0,5,220,201-225,-2
"February 5, 2022",Hyatt,13,4,20,56,R,20R,2.59,-0.2,0-25,,,0,5,16,0-25,-1
"February 5, 2022",Hyatt,13,5,15,P,G,15G,1.79,-0.219,G 10-15,,,0,5,15,G 10-15,0
"February 5, 2022",Hyatt,13,6,2,P,G,2G,1.009,0.009,G 0-3,,,0,5,2,G 0-3,1
"February 5, 2022",Hyatt,14,1,410,2,T,410T,4.02,-0.8,250 +,,,0,4,415,250 +,-3
"February 5, 2022",Hyatt,14,2,175,2,X,175X,3.82,-0.99,151-175,,,0,4,167,151-175,-2
"February 5, 2022",Hyatt,14,3,160,8,X,160X,3.81,-0.1,151-175,,,0,4,153,151-175,-1
"February 5, 2022",Hyatt,14,4,135,PW,F,135F,2.91,-0.024,126-150,,,0,4,135,126-150,0
"February 5, 2022",Hyatt,14,5,25,P,G,25G,1.934,-0.119,G 21-25,,,0,4,25,G 21-25,1
"February 5, 2022",Hyatt,14,6,3,P,G,3G,1.053,0.053,G 0-3,,,0,4,3,G 0-3,2
"February 5, 2022",Hyatt,15,1,275,7,T,275T,3.65,-0.15,250 +,,,0,4,273,250 +,-3
"February 5, 2022",Hyatt,15,2,95,56,F,95F,2.8,0.01,76-100,,,0,4,90,76-100,-2
"February 5, 2022",Hyatt,15,3,15,P,G,15G,1.79,-0.219,G 10-15,,,0,4,15,G 10-15,-1
"February 5, 2022",Hyatt,15,4,2,P,G,2G,1.009,0.009,G 0-3,,,0,4,2,G 0-3,0
"February 5, 2022",Hyatt,16,1,360,2,T,360T,3.92,0.12,250 +,,,0,4,365,250 +,-3
"February 5, 2022",Hyatt,16,2,102,56,F,102F,2.8,-0.178,101-125,,,0,4,94,101-125,-2
"February 5, 2022",Hyatt,16,3,30,P,G,30G,1.978,-0.169,G 26-35,,,0,4,30,G 26-35,-1
"February 5, 2022",Hyatt,16,4,4,P,G,4G,1.147,0.147,G 4-6,,,0,4,4,G 4-6,0
"February 5, 2022",Hyatt,17,1,165,8,T,165T,2.99,-0.6,151-175,,,0,3,157,151-175,-2
"February 5, 2022",Hyatt,17,2,15,56,R,15R,2.59,-0.2,0-25,,,0,3,18,0-25,-1
"February 5, 2022",Hyatt,17,3,15,P,G,15G,1.79,-0.219,G 10-15,,,0,3,15,G 10-15,0
"February 5, 2022",Hyatt,17,4,2,P,G,2G,1.009,0.009,G 0-3,,,0,3,2,G 0-3,1
"February 5, 2022",Hyatt,18,1,530,D,T,530T,4.65,-0.77,250 +,,,1,5,525,250 +,-4
"February 5, 2022",Hyatt,18,2,P,,,P,4.42,0,,,,0,5,,,-3
"February 5, 2022",Hyatt,18,3,190,6,R,190R,3.42,-0.17,176-200,,,0,5,198,176-200,-2
"February 5, 2022",Hyatt,18,4,15,56,R,15R,2.59,-0.036,0-25,,,0,5,8,0-25,-1
"February 5, 2022",Hyatt,18,5,10,P,G,10G,1.626,-0.383,G 10-15,,,0,5,10,G 10-15,0
"February 5, 2022",Hyatt,18,6,2,P,G,2G,1.009,0.009,G 0-3,,,0,5,2,G 0-3,1
"February 8, 2022",Blackjack,1,1,560,D,T,560T,4.74,0.55,250 +,,,0,5,560,250 +,-4
"February 8, 2022",Blackjack,1,2,200,4,F,200F,3.19,0.312,176-200,,,0,5,206,176-200,-3
"February 8, 2022",Blackjack,1,3,20,P,G,20G,1.878,-0.131,G 16-20,,,0,5,20,G 16-20,-2
"February 8, 2022",Blackjack,1,4,2,P,G,2G,1.009,0.009,G 0-3,,,0,5,2,G 0-3,-1
"February 8, 2022",Blackjack,2,1,370,D,T,370T,3.96,-0.06,250 +,,,0,4,364,250 +,-3
"February 8, 2022",Blackjack,2,2,95,56,R,95R,3.02,0.142,76-100,,,0,4,99,76-100,-2
"February 8, 2022",Blackjack,2,3,20,P,G,20G,1.878,-0.131,G 16-20,,,0,4,20,G 16-20,-1
"February 8, 2022",Blackjack,2,4,2,P,G,2G,1.009,0.009,G 0-3,,,0,4,2,G 0-3,0
"February 8, 2022",Blackjack,3,1,235,2,T,235T,3.25,-0.34,226-250,,,0,3,229,226-250,-2
"February 8, 2022",Blackjack,3,2,15,50,R,15R,2.59,0.443,0-25,,,0,3,22,0-25,-1
"February 8, 2022",Blackjack,3,3,4,P,G,4G,1.147,0.147,G 4-6,,,0,3,4,G 4-6,0
"February 8, 2022",Blackjack,4,1,410,2,T,410T,4.02,-0.21,250 +,,,0,4,404,250 +,-3
"February 8, 2022",Blackjack,4,2,155,8,R,155R,3.23,-0.17,151-175,,,0,4,148,151-175,-2
"February 8, 2022",Blackjack,4,3,10,P,F,10F,2.4,0.144,0-25,,,0,4,10,0-25,-1
"February 8, 2022",Blackjack,4,4,5,P,G,5G,1.256,-0.745,G 4-6,,,0,4,5,G 4-6,0
"February 8, 2022",Blackjack,4,5,1,P,G,1G,1.001,0.001,G 0-3,,,0,4,1,G 0-3,1
"February 8, 2022",Blackjack,5,1,420,D,T,420T,4.02,-0.13,250 +,,,0,4,415,250 +,-3
"February 8, 2022",Blackjack,5,2,140,PW,R,140R,3.15,0.36,126-150,,,0,4,141,126-150,-2
"February 8, 2022",Blackjack,5,3,15,P,G,15G,1.79,-0.219,G 10-15,,,0,4,15,G 10-15,-1
"February 8, 2022",Blackjack,5,4,2,P,G,2G,1.009,0.009,G 0-3,,,0,4,2,G 0-3,0
"February 8, 2022",Blackjack,6,1,560,D,T,560T,4.74,0,250 +,,,0,5,568,250 +,-4
"February 8, 2022",Blackjack,6,2,260,3W,R,260R,3.74,-0.85,250 +,,,1,5,254,250 +,-3
"February 8, 2022",Blackjack,6,3,P,,,P,3.59,0,,,,0,5,,,-2
"February 8, 2022",Blackjack,6,4,20,56,R,20R,2.59,-0.036,0-25,,,0,5,18,0-25,-1
"February 8, 2022",Blackjack,6,5,10,P,G,10G,1.626,-0.383,G 10-15,,,0,5,10,G 10-15,0
"February 8, 2022",Blackjack,6,6,2,P,G,2G,1.009,0.009,G 0-3,,,0,5,2,G 0-3,1
"February 8, 2022",Blackjack,7,1,180,5,T,180T,3.05,0.072,176-200,,,0,3,173,176-200,-2
"February 8, 2022",Blackjack,7,2,30,P,G,30G,1.978,-0.169,G 26-35,,,0,3,30,G 26-35,-1
"February 8, 2022",Blackjack,7,3,4,P,G,4G,1.147,0.147,G 4-6,,,0,3,4,G 4-6,0
"February 8, 2022",Blackjack,8,1,420,2,T,420T,4.02,-0.29,250 +,,,0,4,424,250 +,-3
"February 8, 2022",Blackjack,8,2,185,5,R,185R,3.31,-0.09,176-200,,,0,4,188,176-200,-2
"February 8, 2022",Blackjack,8,3,10,P,F,10F,2.4,0.253,0-25,,,0,4,10,0-25,-1
"February 8, 2022",Blackjack,8,4,4,P,G,4G,1.147,0.147,G 4-6,,,0,4,4,G 4-6,0
"February 8, 2022",Blackjack,9,1,440,D,T,440T,4.08,-0.07,250 +,,,0,4,439,250 +,-3
"February 8, 2022",Blackjack,9,2,145,8,R,145R,3.15,-0.44,126-150,,,0,4,152,126-150,-2
"February 8, 2022",Blackjack,9,3,20,56,R,20R,2.59,0.334,0-25,,,0,4,20,0-25,-1
"February 8, 2022",Blackjack,9,4,5,P,G,5G,1.256,-0.745,G 4-6,,,0,4,5,G 4-6,0
"February 8, 2022",Blackjack,9,5,1,P,G,1G,1.001,0.001,G 0-3,,,0,4,1,G 0-3,1
"February 8, 2022",Blackjack,10,1,540,D,T,540T,4.65,0.2,250 +,,,0,5,541,250 +,-4
"February 8, 2022",Blackjack,10,2,245,2,F,245F,3.45,-0.33,226-250,,,0,5,246,226-250,-3
"February 8, 2022",Blackjack,10,3,30,56,R,30R,2.78,-0.01,26-50,,,0,5,22,26-50,-2
"February 8, 2022",Blackjack,10,4,15,P,G,15G,1.79,0.79,G 10-15,,,0,5,15,G 10-15,-1
"February 8, 2022",Blackjack,11,1,400,3W,T,400T,3.99,-0.09,250 +,,,0,4,408,250 +,-3
"February 8, 2022",Blackjack,11,2,120,50,R,120R,3.08,0.202,101-125,,,0,4,123,101-125,-2
"February 8, 2022",Blackjack,11,3,20,P,G,20G,1.878,0.878,G 16-20,,,0,4,20,G 16-20,-1
"February 8, 2022",Blackjack,12,1,370,4,T,370T,3.96,0.05,250 +,,,0,4,377,250 +,-3
"February 8, 2022",Blackjack,12,2,145,9,F,145F,2.91,-0.68,126-150,,,0,4,149,126-150,-2
"February 8, 2022",Blackjack,12,3,15,56,R,15R,2.59,0.075,0-25,,,0,4,8,0-25,-1
"February 8, 2022",Blackjack,12,4,8,P,G,8G,1.515,-0.486,G 7-9,,,0,4,8,G 7-9,0
"February 8, 2022",Blackjack,12,5,1,P,G,1G,1.001,0.001,G 0-3,,,0,4,1,G 0-3,1
"February 8, 2022",Blackjack,13,1,185,7,T,185T,3.05,-0.168,176-200,,,0,3,190,176-200,-2
"February 8, 2022",Blackjack,13,2,60,P,G,60G,2.218,-0.572,G 56-75,,,0,3,60,G 56-75,-1
"February 8, 2022",Blackjack,13,3,15,P,G,15G,1.79,-0.263,G 10-15,,,0,3,15,G 10-15,0
"February 8, 2022",Blackjack,13,4,3,P,G,3G,1.053,0.053,G 0-3,,,0,3,3,G 0-3,1
"February 8, 2022",Blackjack,14,1,385,D,T,385T,3.96,-0.06,250 +,,,0,4,390,250 +,-3
"February 8, 2022",Blackjack,14,2,105,56,R,105R,3.02,0.172,101-125,,,0,4,98,101-125,-2
"February 8, 2022",Blackjack,14,3,18,P,G,18G,1.848,-0.153,G 16-20,,,0,4,18,G 16-20,-1
"February 8, 2022",Blackjack,14,4,1,P,G,1G,1.001,0.001,G 0-3,,,0,4,1,G 0-3,0
"February 8, 2022",Blackjack,15,1,575,D,T,575T,4.79,0.1,250 +,,,0,5,573,250 +,-4
"February 8, 2022",Blackjack,15,2,280,5,F,280F,3.69,-0.33,250 +,,,0,5,283,250 +,-3
"February 8, 2022",Blackjack,15,3,90,56,R,90R,3.02,0.004,76-100,,,0,5,82,76-100,-2
"February 8, 2022",Blackjack,15,4,35,P,G,35G,2.016,-0.131,G 26-35,,,0,5,35,G 26-35,-1
"February 8, 2022",Blackjack,15,5,4,P,G,4G,1.147,0.147,G 4-6,,,0,5,4,G 4-6,0
"February 8, 2022",Blackjack,16,1,380,3W,T,380T,3.96,0.11,250 +,,,0,4,380,250 +,-3
"February 8, 2022",Blackjack,16,2,125,50,F,125F,2.85,0.06,101-125,,,0,4,125,101-125,-2
"February 8, 2022",Blackjack,16,3,15,P,G,15G,1.79,-0.219,G 10-15,,,0,4,15,G 10-15,-1
"February 8, 2022",Blackjack,16,4,2,P,G,2G,1.009,0.009,G 0-3,,,0,4,2,G 0-3,0
"February 8, 2022",Blackjack,17,1,165,6,T,165T,2.99,-0.6,151-175,,,0,3,173,151-175,-2
"February 8, 2022",Blackjack,17,2,15,56,R,15R,2.59,0.334,0-25,,,0,3,8,0-25,-1
"February 8, 2022",Blackjack,17,3,5,P,G,5G,1.256,0.256,G 4-6,,,0,3,5,G 4-6,0
"February 8, 2022",Blackjack,18,1,420,D,T,420T,4.02,0.17,250 +,,,0,4,414,250 +,-3
"February 8, 2022",Blackjack,18,2,115,PW,F,115F,2.85,0.06,101-125,,,0,4,123,101-125,-2
"February 8, 2022",Blackjack,18,3,15,P,G,15G,1.79,-0.219,G 10-15,,,0,4,15,G 10-15,-1
"February 8, 2022",Blackjack,18,4,2,P,G,2G,1.009,0.009,G 0-3,,,0,4,2,G 0-3,0
"February 11, 2022",Blackjack,1,1,560,D,T,560T,4.74,-0.29,250 +,,,0,5,562,250 +,-4
"February 11, 2022",Blackjack,1,2,260,8,X,260X,4.03,-0.05,250 +,,,0,5,263,250 +,-3
"February 11, 2022",Blackjack,1,3,115,50,R,115R,3.08,0.202,101-125,,,0,5,114,101-125,-2
"February 11, 2022",Blackjack,1,4,20,P,G,20G,1.878,-0.131,G 16-20,,,0,5,20,G 16-20,-1
"February 11, 2022",Blackjack,1,5,2,P,G,2G,1.009,0.009,G 0-3,,,0,5,2,G 0-3,0
"February 11, 2022",Blackjack,2,1,370,D,T,370T,3.96,0.21,250 +,,,0,4,366,250 +,-3
"February 11, 2022",Blackjack,2,2,75,62,F,75F,2.75,-0.84,51-75,,,0,4,75,51-75,-2
"February 11, 2022",Blackjack,2,3,10,56,R,10R,2.59,0.537,0-25,,,0,4,6,0-25,-1
"February 11, 2022",Blackjack,2,4,3,P,G,3G,1.053,0.053,G 0-3,,,0,4,3,G 0-3,0
"February 11, 2022",Blackjack,3,1,235,2,T,235T,3.25,-0.34,226-250,,,0,3,240,226-250,-2
"February 11, 2022",Blackjack,3,2,25,56,R,25R,2.59,-0.81,0-25,,,0,3,23,0-25,-1
"February 11, 2022",Blackjack,3,3,15,P,F,15F,2.4,0.347,0-25,,,0,3,15,0-25,0
"February 11, 2022",Blackjack,3,4,3,P,G,3G,1.053,0.053,G 0-3,,,0,3,3,G 0-3,1
"February 11, 2022",Blackjack,4,1,410,2,T,410T,4.02,-0.79,250 +,,,0,4,410,250 +,-3
"February 11, 2022",Blackjack,4,2,150,8,X,150X,3.81,0.01,126-150,,,0,4,150,126-150,-2
"February 11, 2022",Blackjack,4,3,90,56,F,90F,2.8,-0.79,76-100,,,0,4,84,76-100,-1
"February 11, 2022",Blackjack,4,4,20,62,R,20R,2.59,0.589,0-25,,,0,4,16,0-25,0
"February 11, 2022",Blackjack,4,5,1,P,G,1G,1.001,0.001,G 0-3,,,0,4,1,G 0-3,1
"February 11, 2022",Blackjack,5,1,420,D,T,420T,4.02,0.32,250 +,,,0,4,415,250 +,-3
"February 11, 2022",Blackjack,5,2,60,62,F,60F,2.7,0.444,51-75,,,0,4,57,51-75,-2
"February 11, 2022",Blackjack,5,3,5,P,G,5G,1.256,0.256,G 4-6,,,0,4,5,G 4-6,-1
"February 11, 2022",Blackjack,6,1,560,D,T,560T,4.74,0.16,250 +,,,0,5,561,250 +,-4
"February 11, 2022",Blackjack,6,2,250,8,F,250F,3.58,-0.27,226-250,,,0,5,245,226-250,-3
"February 11, 2022",Blackjack,6,3,115,50,F,115F,2.85,-0.028,101-125,,,0,5,110,101-125,-2
"February 11, 2022",Blackjack,6,4,20,P,G,20G,1.878,-0.175,G 16-20,,,0,5,20,G 16-20,-1
"February 11, 2022",Blackjack,6,5,3,P,G,3G,1.053,0.053,G 0-3,,,0,5,3,G 0-3,0
"February 11, 2022",Blackjack,7,1,180,6,T,180T,3.05,-0.75,176-200,,,0,3,181,176-200,-2
"February 11, 2022",Blackjack,7,2,15,8,X,15X,2.8,-0.79,0-25,,,0,3,13,0-25,-1
"February 11, 2022",Blackjack,7,3,10,62,R,10R,2.59,-0.288,0-25,,,0,3,2,0-25,0
"February 11, 2022",Blackjack,7,4,20,P,G,20G,1.878,-0.131,G 16-20,,,0,3,20,G 16-20,1
"February 11, 2022",Blackjack,7,5,2,P,G,2G,1.009,0.009,G 0-3,,,0,3,2,G 0-3,2
"February 11, 2022",Blackjack,8,1,420,3W,T,420T,4.02,-0.06,250 +,,,0,4,420,250 +,-3
"February 11, 2022",Blackjack,8,2,185,4,F,185F,3.08,0.29,176-200,,,0,4,190,176-200,-2
"February 11, 2022",Blackjack,8,3,15,P,G,15G,1.79,-0.219,G 10-15,,,0,4,15,G 10-15,-1
"February 11, 2022",Blackjack,8,4,2,P,G,2G,1.009,0.009,G 0-3,,,0,4,2,G 0-3,0
"February 11, 2022",Blackjack,9,1,440,D,T,440T,4.08,-0.72,250 +,,,0,4,438,250 +,-3
"February 11, 2022",Blackjack,9,2,145,8,X,145X,3.8,-0.22,126-150,,,0,4,151,126-150,-2
"February 11, 2022",Blackjack,9,3,95,56,R,95R,3.02,0.23,76-100,,,0,4,100,76-100,-1
"February 11, 2022",Blackjack,9,4,15,P,G,15G,1.79,-0.219,G 10-15,,,0,4,15,G 10-15,0
"February 11, 2022",Blackjack,9,5,2,P,G,2G,1.009,0.009,G 0-3,,,0,4,2,G 0-3,1
"February 11, 2022",Blackjack,10,1,540,D,T,540T,4.65,-0.09,250 +,,,0,5,538,250 +,-4
"February 11, 2022",Blackjack,10,2,250,3W,R,250R,3.74,-0.36,226-250,,,0,5,247,226-250,-3
"February 11, 2022",Blackjack,10,3,40,8,X,40X,3.1,-0.193,26-50,,,0,5,48,26-50,-2
"February 11, 2022",Blackjack,10,4,70,P,G,70G,2.293,-0.412,G 56-75,,,0,5,70,G 56-75,-1
"February 11, 2022",Blackjack,10,5,12,P,G,12G,1.705,0.705,G 10-15,,,0,5,12,G 10-15,0
"February 11, 2022",Blackjack,11,1,400,2,T,400T,3.99,-0.09,250 +,,,0,4,400,250 +,-3
"February 11, 2022",Blackjack,11,2,120,50,R,120R,3.08,0.177,101-125,,,0,4,119,101-125,-2
"February 11, 2022",Blackjack,11,3,22,P,G,22G,1.903,-0.15,G 21-25,,,0,4,22,G 21-25,-1
"February 11, 2022",Blackjack,11,4,3,P,G,3G,1.053,0.053,G 0-3,,,0,4,3,G 0-3,0
"February 11, 2022",Blackjack,12,1,370,4,T,370T,3.96,-0.12,250 +,,,0,4,378,250 +,-3
"February 11, 2022",Blackjack,12,2,175,7,F,175F,3.08,-0.51,151-175,,,0,4,175,151-175,-2
"February 11, 2022",Blackjack,12,3,25,62,R,25R,2.59,0.075,0-25,,,0,4,29,0-25,-1
"February 11, 2022",Blackjack,12,4,8,P,G,8G,1.515,-0.494,G 7-9,,,0,4,8,G 7-9,0
"February 11, 2022",Blackjack,12,5,2,P,G,2G,1.009,0.009,G 0-3,,,0,4,2,G 0-3,1
"February 11, 2022",Blackjack,13,1,185,8,T,185T,3.05,-0.35,176-200,,,0,3,193,176-200,-2
"February 11, 2022",Blackjack,13,2,10,P,F,10F,2.4,0.253,0-25,,,0,3,10,0-25,-1
"February 11, 2022",Blackjack,13,3,4,P,G,4G,1.147,0.147,G 4-6,,,0,3,4,G 4-6,0
"February 11, 2022",Blackjack,14,1,385,D,T,385T,3.96,-0.12,250 +,,,0,4,377,250 +,-3
"February 11, 2022",Blackjack,14,2,115,50,R,115R,3.08,0.202,101-125,,,0,4,116,101-125,-2
"February 11, 2022",Blackjack,14,3,20,P,G,20G,1.878,-0.131,G 16-20,,,0,4,20,G 16-20,-1
"February 11, 2022",Blackjack,14,4,2,P,G,2G,1.009,0.009,G 0-3,,,0,4,2,G 0-3,0
"February 11, 2022",Blackjack,15,1,575,D,T,575T,4.79,0.1,250 +,,,0,5,576,250 +,-4
"February 11, 2022",Blackjack,15,2,275,2,F,275F,3.69,-0.11,250 +,,,0,5,270,250 +,-3
"February 11, 2022",Blackjack,15,3,90,56,F,90F,2.8,-0.6,76-100,,,0,5,95,76-100,-2
"February 11, 2022",Blackjack,15,4,10,P,F,10F,2.4,0.253,0-25,,,0,5,10,0-25,-1
"February 11, 2022",Blackjack,15,5,4,P,G,4G,1.147,0.147,G 4-6,,,0,5,4,G 4-6,0
"February 11, 2022",Blackjack,16,1,380,D,T,380T,3.96,0.11,250 +,,,0,4,387,250 +,-3
"February 11, 2022",Blackjack,16,2,120,50,F,120F,2.85,-0.55,101-125,,,0,4,115,101-125,-2
"February 11, 2022",Blackjack,16,3,10,P,F,10F,2.4,0.144,0-25,,,0,4,10,0-25,-1
"February 11, 2022",Blackjack,16,4,5,P,G,5G,1.256,-0.745,G 4-6,,,0,4,5,G 4-6,0
"February 11, 2022",Blackjack,16,5,1,P,G,1G,1.001,0.001,G 0-3,,,0,4,1,G 0-3,1
"February 11, 2022",Blackjack,17,1,165,6,T,165T,2.99,0.056,151-175,,,0,3,172,151-175,-2
"February 11, 2022",Blackjack,17,2,25,P,G,25G,1.934,-0.075,G 21-25,,,0,3,25,G 21-25,-1
"February 11, 2022",Blackjack,17,3,2,P,G,2G,1.009,0.009,G 0-3,,,0,3,2,G 0-3,0
"February 11, 2022",Blackjack,18,1,420,D,T,420T,4.02,-0.13,250 +,,,0,4,425,250 +,-3
"February 11, 2022",Blackjack,18,2,140,8,R,140R,3.15,-0.44,126-150,,,0,4,137,126-150,-2
"February 11, 2022",Blackjack,18,3,15,56,R,15R,2.59,0.443,0-25,,,0,4,14,0-25,-1
"February 11, 2022",Blackjack,18,4,4,P,G,4G,1.147,0.147,G 4-6,,,0,4,4,G 4-6,0
"August 1, 2022",Comanche Hills/Creeks,1,1,433,4,T,433T,4.08,-0.23,250 +,pretty left,good,0,4,440,250 +,-3
"August 1, 2022",Comanche Hills/Creeks,1,2,170,7,R,170R,3.31,0.605,151-175,slight right,good,0,4,166,151-175,-2
"August 1, 2022",Comanche Hills/Creeks,1,3,12,P,G,12G,1.705,-0.442,G 10-15,slight right,slightly long,0,4,12,G 10-15,-1
"August 1, 2022",Comanche Hills/Creeks,1,4,4,P,G,4G,1.147,0.147,G 4-6,slight right,good,0,4,4,G 4-6,0
"August 1, 2022",Comanche Hills/Creeks,2,1,409,D,T,409T,3.99,0.03,250 +,pretty left,good,0,4,414,250 +,-3
"August 1, 2022",Comanche Hills/Creeks,2,2,82,56,R,82R,2.96,-0.018,76-100,pretty left,pretty long,0,4,83,76-100,-2
"August 1, 2022",Comanche Hills/Creeks,2,3,30,P,G,30G,1.978,-0.648,G 26-35,pretty right,good,0,4,30,G 26-35,-1
"August 1, 2022",Comanche Hills/Creeks,2,4,10,P,G,10G,1.626,0.626,G 10-15,good,good,0,4,10,G 10-15,0
"August 1, 2022",Comanche Hills/Creeks,3,1,167,9,T,167T,2.99,0.056,151-175,good,good,0,3,167,151-175,-2
"August 1, 2022",Comanche Hills/Creeks,3,2,25,P,G,25G,1.934,-0.423,G 21-25,pretty left,pretty long,0,3,25,G 21-25,-1
"August 1, 2022",Comanche Hills/Creeks,3,3,6,P,G,6G,1.357,0.357,G 4-6,good,good,0,3,6,G 4-6,0
"August 1, 2022",Comanche Hills/Creeks,4,1,533,D,T,533T,4.65,-0.38,250 +,pretty right,good,0,5,539,250 +,-4
"August 1, 2022",Comanche Hills/Creeks,4,2,250,9,X,250X,4.03,0.12,226-250,good,good,0,5,246,226-250,-3
"August 1, 2022",Comanche Hills/Creeks,4,3,147,PW,F,147F,2.91,-0.68,126-150,pretty left,slightly long,0,5,152,126-150,-2
"August 1, 2022",Comanche Hills/Creeks,4,4,15,62,R,15R,2.59,0.581,0-25,good,good,0,5,11,0-25,-1
"August 1, 2022",Comanche Hills/Creeks,4,5,2,P,G,2G,1.009,0.009,G 0-3,good,good,0,5,2,G 0-3,0
"August 1, 2022",Comanche Hills/Creeks,5,1,430,2,T,430T,4.08,-0.23,250 +,pretty left,good,0,4,425,250 +,-3
"August 1, 2022",Comanche Hills/Creeks,5,2,175,4,R,175R,3.31,-0.49,151-175,pretty right,good,0,4,175,151-175,-2
"August 1, 2022",Comanche Hills/Creeks,5,3,20,56,X,20X,2.8,-0.134,0-25,good,pretty long,0,4,24,0-25,-1
"August 1, 2022",Comanche Hills/Creeks,5,4,25,P,G,25G,1.934,-0.075,G 21-25,good,good,0,4,25,G 21-25,0
"August 1, 2022",Comanche Hills/Creeks,5,5,2,P,G,2G,1.009,0.009,G 0-3,good,good,0,4,2,G 0-3,1
"August 1, 2022",Comanche Hills/Creeks,6,1,318,4,T,318T,3.79,-0.01,250 +,slight left,good,0,4,314,250 +,-3
"August 1, 2022",Comanche Hills/Creeks,6,2,100,50,F,100F,2.8,-0.134,76-100,slight left,pretty long,0,4,92,76-100,-2
"August 1, 2022",Comanche Hills/Creeks,6,3,25,P,G,25G,1.934,-0.119,G 21-25,pretty left,good,0,4,25,G 21-25,-1
"August 1, 2022",Comanche Hills/Creeks,6,4,3,P,G,3G,1.053,0.053,G 0-3,good,good,0,4,3,G 0-3,0
"August 1, 2022",Comanche Hills/Creeks,7,1,417,2,T,417T,4.02,0.04,250 +,good,good,0,4,411,250 +,-3
"August 1, 2022",Comanche Hills/Creeks,7,2,160,6,F,160F,2.98,0.275,151-175,good,good,0,4,162,151-175,-2
"August 1, 2022",Comanche Hills/Creeks,7,3,12,P,G,12G,1.705,-0.296,G 10-15,slight left,good,0,4,12,G 10-15,-1
"August 1, 2022",Comanche Hills/Creeks,7,4,1,P,G,1G,1.001,0.001,G 0-3,good,good,0,4,1,G 0-3,0
"August 1, 2022",Comanche Hills/Creeks,8,1,184,5,T,184T,3.05,0.26,176-200,slight right,good,0,3,177,176-200,-2
"August 1, 2022",Comanche Hills/Creeks,8,2,15,P,G,15G,1.79,-0.211,G 10-15,slight left,good,0,3,15,G 10-15,-1
"August 1, 2022",Comanche Hills/Creeks,8,3,1,P,G,1G,1.001,0.001,G 0-3,good,good,0,3,1,G 0-3,0
"August 1, 2022",Comanche Hills/Creeks,9,1,525,D,T,525T,4.54,-0.3,250 +,pretty left,good,0,5,527,250 +,-4
"August 1, 2022",Comanche Hills/Creeks,9,2,240,9,S,240S,3.84,-0.01,226-250,good,good,0,5,242,226-250,-3
"August 1, 2022",Comanche Hills/Creeks,9,3,110,50,F,110F,2.85,-0.55,101-125,pretty right,pretty long,0,5,112,101-125,-2
"August 1, 2022",Comanche Hills/Creeks,9,4,10,P,F,10F,2.4,0.347,0-25,good,good,0,5,10,0-25,-1
"August 1, 2022",Comanche Hills/Creeks,9,5,3,P,G,3G,1.053,0.053,G 0-3,good,good,0,5,3,G 0-3,0
"August 1, 2022",Comanche Hills/Creeks,10,1,417,D,T,417T,4.02,-0.06,250 +,pretty left,good,0,4,411,250 +,-3
"August 1, 2022",Comanche Hills/Creeks,10,2,110,PW,R,110R,3.08,0.102,101-125,slight left,good,0,4,111,101-125,-2
"August 1, 2022",Comanche Hills/Creeks,10,3,30,P,G,30G,1.978,-0.169,G 26-35,slight left,slightly long,0,4,30,G 26-35,-1
"August 1, 2022",Comanche Hills/Creeks,10,4,4,P,G,4G,1.147,0.147,G 4-6,good,good,0,4,4,G 4-6,0
"August 1, 2022",Comanche Hills/Creeks,11,1,407,D,T,407T,3.99,0.19,250 +,good,good,0,4,407,250 +,-3
"August 1, 2022",Comanche Hills/Creeks,11,2,108,50,F,108F,2.8,0.443,101-125,good,good,0,4,107,101-125,-2
"August 1, 2022",Comanche Hills/Creeks,11,3,6,P,G,6G,1.357,-0.644,G 4-6,slight right,good,0,4,6,G 4-6,-1
"August 1, 2022",Comanche Hills/Creeks,11,4,1,P,G,1G,1.001,0.001,G 0-3,good,good,0,4,1,G 0-3,0
"August 1, 2022",Comanche Hills/Creeks,12,1,177,5,T,177T,3.05,0.116,176-200,slight left,good,0,3,178,176-200,-2
"August 1, 2022",Comanche Hills/Creeks,12,2,25,P,G,25G,1.934,-0.067,G 21-25,good,good,0,3,25,G 21-25,-1
"August 1, 2022",Comanche Hills/Creeks,12,3,1,P,G,1G,1.001,0.001,G 0-3,good,good,0,3,1,G 0-3,0
"August 1, 2022",Comanche Hills/Creeks,13,1,529,2,T,529T,4.54,-0.49,250 +,pretty left,good,0,5,522,250 +,-4
"August 1, 2022",Comanche Hills/Creeks,13,2,260,8,X,260X,4.03,-0.5,250 +,good,good,0,5,257,250 +,-3
"August 1, 2022",Comanche Hills/Creeks,13,3,220,H,R,220R,3.53,-0.06,201-225,slight right,good,0,5,223,201-225,-2
"August 1, 2022",Comanche Hills/Creeks,13,4,20,62,R,20R,2.59,0.075,0-25,slight left,pretty long,0,5,23,0-25,-1
"August 1, 2022",Comanche Hills/Creeks,13,5,8,P,G,8G,1.515,-0.486,G 7-9,good,slightly short,0,5,8,G 7-9,0
"August 1, 2022",Comanche Hills/Creeks,13,6,1,P,G,1G,1.001,0.001,G 0-3,good,good,0,5,1,G 0-3,1
"August 1, 2022",Comanche Hills/Creeks,14,1,164,7,T,164T,2.99,-0.41,151-175,pretty left,pretty long,0,3,160,151-175,-2
"August 1, 2022",Comanche Hills/Creeks,14,2,10,P,F,10F,2.4,-0.305,0-25,good,pretty short,0,3,10,0-25,-1
"August 1, 2022",Comanche Hills/Creeks,14,3,12,P,G,12G,1.705,-0.296,G 10-15,good,good,0,3,12,G 10-15,0
"August 1, 2022",Comanche Hills/Creeks,14,4,1,P,G,1G,1.001,0.001,G 0-3,good,good,0,3,1,G 0-3,1
"August 1, 2022",Comanche Hills/Creeks,15,1,433,D,T,433T,4.08,-0.34,250 +,pretty right,pretty short,0,4,431,250 +,-3
"August 1, 2022",Comanche Hills/Creeks,15,2,205,5,R,205R,3.42,-0.17,201-225,pretty left,good,0,4,207,201-225,-2
"August 1, 2022",Comanche Hills/Creeks,15,3,10,56,R,10R,2.59,0.075,0-25,pretty left,pretty long,0,4,2,0-25,-1
"August 1, 2022",Comanche Hills/Creeks,15,4,8,P,G,8G,1.515,0.515,G 7-9,good,good,0,4,8,G 7-9,0
"August 1, 2022",Comanche Hills/Creeks,16,1,430,D,T,430T,4.08,-0.07,250 +,pretty right,good,0,4,435,250 +,-3
"August 1, 2022",Comanche Hills/Creeks,16,2,137,56,R,137R,3.15,0.216,126-150,pretty left,good,0,4,144,126-150,-2
"August 1, 2022",Comanche Hills/Creeks,16,3,25,P,G,25G,1.934,-0.119,G 21-25,slight left,slightly long,0,4,25,G 21-25,-1
"August 1, 2022",Comanche Hills/Creeks,16,4,3,P,G,3G,1.053,0.053,G 0-3,good,good,0,4,3,G 0-3,0
"August 1, 2022",Comanche Hills/Creeks,17,1,561,D,T,561T,4.74,0.16,250 +,good,good,0,5,555,250 +,-4
"August 1, 2022",Comanche Hills/Creeks,17,2,250,H,F,250F,3.58,-0.82,226-250,way left,good,0,5,247,226-250,-3
"August 1, 2022",Comanche Hills/Creeks,17,3,50,8,X,50X,3.4,-0.4,26-50,pretty left,good,0,5,52,26-50,-2
"August 1, 2022",Comanche Hills/Creeks,17,4,20,PW,X,20X,2.8,-0.6,0-25,good,good,0,5,12,0-25,-1
"August 1, 2022",Comanche Hills/Creeks,17,5,10,P,F,10F,2.4,-0.043,0-25,pretty left,pretty long,0,5,10,0-25,0
"August 1, 2022",Comanche Hills/Creeks,17,6,7,P,G,7G,1.443,0.443,G 7-9,good,good,0,5,7,G 7-9,1
"August 1, 2022",Comanche Hills/Creeks,18,1,447,2,T,447T,4.08,0.1,250 +,slight left,good,0,4,442,250 +,-3
"August 1, 2022",Comanche Hills/Creeks,18,2,156,50,F,156F,2.98,0.102,151-175,pretty right,good,0,4,161,151-175,-2
"August 1, 2022",Comanche Hills/Creeks,18,3,20,P,G,20G,1.878,-0.123,G 16-20,good,good,0,4,20,G 16-20,-1
"August 1, 2022",Comanche Hills/Creeks,18,4,1,P,G,1G,1.001,0.001,G 0-3,good,good,0,4,1,G 0-3,0
